instancia,solver,versao,seed,makespan,tardiness,gap_pct,tempo_s,n_avaliacoes
4x2,ACO,tunado,100,235.0,245.0,291.67,1.41,3000
4x2,ACO,tunado,101,168.0,92.0,180.0,1.75,3000
4x2,ACO,tunado,102,168.0,92.0,180.0,1.26,3000
4x2,ACO,tunado,103,252.0,443.0,320.0,1.08,3000
4x2,ACO,tunado,104,235.0,245.0,291.67,1.06,3000
16x2,ACO,tunado,100,1558.0,14421.0,80.74,3.92,3000
16x2,ACO,tunado,101,1416.0,10870.0,64.27,4.44,3000
16x2,ACO,tunado,102,1467.0,12813.0,70.19,4.6,3000
16x2,ACO,tunado,103,1437.0,11137.0,66.71,3.98,3000
16x2,ACO,tunado,104,1413.0,11537.0,63.92,4.55,3000
16x5,ACO,tunado,100,2744.0,33620.0,318.29,10.52,3000
16x5,ACO,tunado,101,2786.0,34959.0,324.7,10.92,3000
16x5,ACO,tunado,102,2696.0,32124.0,310.98,10.9,3000
16x5,ACO,tunado,103,2794.0,33554.0,325.91,10.94,3000
16x5,ACO,tunado,104,2803.0,33690.0,327.29,10.82,3000
16x4,ACO,tunado,100,2905.0,33718.0,279.74,10.1,3000
16x4,ACO,tunado,101,3059.0,37717.0,299.87,10.66,3000
16x4,ACO,tunado,102,3331.0,42003.0,335.42,10.87,3000
16x4,ACO,tunado,103,2784.0,34444.0,263.92,10.95,3000
16x4,ACO,tunado,104,2922.0,35997.0,281.96,10.89,3000
4x2,BRKGA,fixo_default,100,164.0,277.0,173.33,0.69,5000
4x2,BRKGA,fixo_default,101,164.0,277.0,173.33,0.65,5000
4x2,BRKGA,fixo_default,102,164.0,260.0,173.33,0.89,5000
4x2,BRKGA,fixo_default,103,164.0,142.0,173.33,0.68,5000
4x2,BRKGA,fixo_default,104,164.0,174.0,173.33,0.67,5000
16x2,BRKGA,fixo_default,100,1008.0,7672.0,16.94,0.81,5000
16x2,BRKGA,fixo_default,101,1042.0,8728.0,20.88,0.81,5000
16x2,BRKGA,fixo_default,102,1047.0,8809.0,21.46,0.83,5000
16x2,BRKGA,fixo_default,103,1006.0,8142.0,16.71,1.03,5000
16x2,BRKGA,fixo_default,104,996.0,8406.0,15.55,0.87,5000
16x5,BRKGA,fixo_default,100,1684.0,17654.0,156.71,1.82,5000
16x5,BRKGA,fixo_default,101,1515.0,15795.0,130.95,1.44,5000
16x5,BRKGA,fixo_default,102,1439.0,15799.0,119.36,1.06,5000
16x5,BRKGA,fixo_default,103,1627.0,18320.0,148.02,1.27,5000
16x5,BRKGA,fixo_default,104,1584.0,17565.0,141.46,1.05,5000
16x4,BRKGA,fixo_default,100,1631.0,17344.0,113.2,1.06,5000
16x4,BRKGA,fixo_default,101,1692.0,18051.0,121.18,1.05,5000
16x4,BRKGA,fixo_default,102,1605.0,16898.0,109.8,1.06,5000
16x4,BRKGA,fixo_default,103,1656.0,16489.0,116.47,1.07,5000
16x4,BRKGA,fixo_default,104,1681.0,18061.0,119.74,1.04,5000
4x2,BRKGA,fixo_optuna,100,164.0,277.0,173.33,0.98,5000
4x2,BRKGA,fixo_optuna,101,164.0,142.0,173.33,1.63,5000
4x2,BRKGA,fixo_optuna,102,164.0,237.0,173.33,1.17,5000
4x2,BRKGA,fixo_optuna,103,164.0,275.0,173.33,0.8,5000
4x2,BRKGA,fixo_optuna,104,164.0,236.0,173.33,0.75,5000
16x2,BRKGA,fixo_optuna,100,987.0,8628.0,14.5,1.0,5000
16x2,BRKGA,fixo_optuna,101,1008.0,8567.0,16.94,1.14,5000
16x2,BRKGA,fixo_optuna,102,1047.0,8438.0,21.46,0.88,5000
16x2,BRKGA,fixo_optuna,103,1042.0,7754.0,20.88,0.98,5000
16x2,BRKGA,fixo_optuna,104,1028.0,8062.0,19.26,0.96,5000
16x5,BRKGA,fixo_optuna,100,1357.0,13541.0,106.86,1.22,5000
16x5,BRKGA,fixo_optuna,101,1348.0,13535.0,105.49,1.5,5000
16x5,BRKGA,fixo_optuna,102,1493.0,14718.0,127.59,2.23,5000
16x5,BRKGA,fixo_optuna,103,1429.0,15043.0,117.84,1.66,5000
16x5,BRKGA,fixo_optuna,104,1384.0,13601.0,110.98,1.2,5000
16x4,BRKGA,fixo_optuna,100,1535.0,15200.0,100.65,1.2,5000
16x4,BRKGA,fixo_optuna,101,1572.0,15518.0,105.49,1.21,5000
16x4,BRKGA,fixo_optuna,102,1560.0,14797.0,103.92,1.2,5000
16x4,BRKGA,fixo_optuna,103,1601.0,16823.0,109.28,1.43,5000
16x4,BRKGA,fixo_optuna,104,1637.0,17048.0,113.99,1.2,5000
4x2,BRKGA,fuzzy,100,164.0,277.0,173.33,0.97,5000
4x2,BRKGA,fuzzy,101,164.0,277.0,173.33,1.08,5000
4x2,BRKGA,fuzzy,102,164.0,260.0,173.33,1.54,5000
4x2,BRKGA,fuzzy,103,164.0,260.0,173.33,1.47,5000
4x2,BRKGA,fuzzy,104,164.0,236.0,173.33,0.96,5000
16x2,BRKGA,fuzzy,100,1008.0,8420.0,16.94,1.79,5000
16x2,BRKGA,fuzzy,101,1008.0,7538.0,16.94,1.75,5000
16x2,BRKGA,fuzzy,102,996.0,7913.0,15.55,2.03,5000
16x2,BRKGA,fuzzy,103,1040.0,9016.0,20.65,1.81,5000
16x2,BRKGA,fuzzy,104,1012.0,8665.0,17.4,1.95,5000
16x5,BRKGA,fuzzy,100,1409.0,15000.0,114.79,3.4,5000
16x5,BRKGA,fuzzy,101,1380.0,14177.0,110.37,2.49,5000
16x5,BRKGA,fuzzy,102,1357.0,13834.0,106.86,2.74,5000
16x5,BRKGA,fuzzy,103,1674.0,19120.0,155.18,2.3,5000
16x5,BRKGA,fuzzy,104,1552.0,16200.0,136.59,2.92,5000
16x4,BRKGA,fuzzy,100,1509.0,14675.0,97.25,2.97,5000
16x4,BRKGA,fuzzy,101,1623.0,16703.0,112.16,2.39,5000
16x4,BRKGA,fuzzy,102,1610.0,17033.0,110.46,2.6,5000
16x4,BRKGA,fuzzy,103,1581.0,17026.0,106.67,2.37,5000
16x4,BRKGA,fuzzy,104,1606.0,15598.0,109.93,3.25,5000
4x2,Neuro-BOA,adaptativo,100,164.0,260.0,173.33,11.97,6000
4x2,Neuro-BOA,adaptativo,101,164.0,142.0,173.33,13.11,6000
4x2,Neuro-BOA,adaptativo,102,164.0,277.0,173.33,12.78,6000
4x2,Neuro-BOA,adaptativo,103,164.0,174.0,173.33,13.19,6000
4x2,Neuro-BOA,adaptativo,104,164.0,260.0,173.33,13.32,6000
16x2,Neuro-BOA,adaptativo,100,1026.0,6491.0,19.03,38.21,6000
16x2,Neuro-BOA,adaptativo,101,1009.0,6960.0,17.05,37.72,6000
16x2,Neuro-BOA,adaptativo,102,996.0,6855.0,15.55,36.62,6000
16x2,Neuro-BOA,adaptativo,103,1008.0,6819.0,16.94,42.85,6000
16x2,Neuro-BOA,adaptativo,104,1008.0,8005.0,16.94,32.49,6000
16x5,Neuro-BOA,adaptativo,100,1963.0,21572.0,199.24,70.27,6000
16x5,Neuro-BOA,adaptativo,101,1196.0,8073.0,82.32,86.77,6000
16x5,Neuro-BOA,adaptativo,102,1049.0,7714.0,59.91,63.1,6000
16x5,Neuro-BOA,adaptativo,103,1082.0,6983.0,64.94,89.41,6000
16x5,Neuro-BOA,adaptativo,104,1071.0,7333.0,63.26,86.92,6000
16x4,Neuro-BOA,adaptativo,100,1480.0,12872.0,93.46,88.86,6000
16x4,Neuro-BOA,adaptativo,101,2252.0,24635.0,194.38,88.13,6000
16x4,Neuro-BOA,adaptativo,102,2281.0,26952.0,198.17,83.16,6000
16x4,Neuro-BOA,adaptativo,103,1187.0,8159.0,55.16,86.38,6000
16x4,Neuro-BOA,adaptativo,104,1196.0,8042.0,56.34,85.82,6000
4x2,PBIL-Fuzzy,tunado,100,164.0,174.0,173.33,0.54,4968
4x2,PBIL-Fuzzy,tunado,101,164.0,142.0,173.33,0.53,4968
4x2,PBIL-Fuzzy,tunado,102,164.0,277.0,173.33,0.55,4968
4x2,PBIL-Fuzzy,tunado,103,164.0,174.0,173.33,0.39,4968
4x2,PBIL-Fuzzy,tunado,104,164.0,174.0,173.33,0.31,4968
16x2,PBIL-Fuzzy,tunado,100,1051.0,9295.0,21.93,0.46,4968
16x2,PBIL-Fuzzy,tunado,101,1029.0,8749.0,19.37,0.43,4968
16x2,PBIL-Fuzzy,tunado,102,1067.0,9062.0,23.78,0.45,4968
16x2,PBIL-Fuzzy,tunado,103,988.0,8149.0,14.62,0.43,4968
16x2,PBIL-Fuzzy,tunado,104,1029.0,8278.0,19.37,0.43,4968
16x5,PBIL-Fuzzy,tunado,100,1926.0,22778.0,193.6,0.87,4968
16x5,PBIL-Fuzzy,tunado,101,2074.0,22875.0,216.16,0.86,4968
16x5,PBIL-Fuzzy,tunado,102,1648.0,17381.0,151.22,0.86,4968
16x5,PBIL-Fuzzy,tunado,103,2109.0,24145.0,221.49,0.86,4968
16x5,PBIL-Fuzzy,tunado,104,1788.0,19529.0,172.56,0.87,4968
16x4,PBIL-Fuzzy,tunado,100,1886.0,19703.0,146.54,0.84,4968
16x4,PBIL-Fuzzy,tunado,101,1835.0,20274.0,139.87,0.85,4968
16x4,PBIL-Fuzzy,tunado,102,1983.0,21661.0,159.22,0.87,4968
16x4,PBIL-Fuzzy,tunado,103,2281.0,26691.0,198.17,1.27,4968
16x4,PBIL-Fuzzy,tunado,104,2200.0,24968.0,187.58,1.54,4968
