experimento,instancia_rotulo,instancia_arquivo,n_jobs,n_machines,solver,versao,seed,makespan,tardiness,gap_pct,tempo_s,n_avaliacoes,lower_bound
padronizado,4x2,I_2_4_2_1.txt,4,2,ACO,ACO_Optuna,100,235.0,245.0,291.67,2.42,5000,60.0
padronizado,4x2,I_2_4_2_1.txt,4,2,ACO,ACO_Optuna,101,168.0,92.0,180.0,9.41,5000,60.0
padronizado,4x2,I_2_4_2_1.txt,4,2,ACO,ACO_Optuna,102,168.0,92.0,180.0,5.6,5000,60.0
padronizado,4x2,I_2_4_2_1.txt,4,2,ACO,ACO_Optuna,103,252.0,443.0,320.0,1.85,5000,60.0
padronizado,4x2,I_2_4_2_1.txt,4,2,ACO,ACO_Optuna,104,235.0,245.0,291.67,1.81,5000,60.0
padronizado,4x2,I_2_4_2_1.txt,4,2,BRKGA,fixo_default,100,164.0,277.0,173.33,1.67,5000,60.0
padronizado,4x2,I_2_4_2_1.txt,4,2,BRKGA,fixo_default,101,164.0,277.0,173.33,1.17,5000,60.0
padronizado,4x2,I_2_4_2_1.txt,4,2,BRKGA,fixo_default,102,164.0,260.0,173.33,1.17,5000,60.0
padronizado,4x2,I_2_4_2_1.txt,4,2,BRKGA,fixo_default,103,164.0,142.0,173.33,0.71,5000,60.0
padronizado,4x2,I_2_4_2_1.txt,4,2,BRKGA,fixo_default,104,164.0,174.0,173.33,0.71,5000,60.0
padronizado,4x2,I_2_4_2_1.txt,4,2,BRKGA,fuzzy,100,164.0,277.0,173.33,0.76,5000,60.0
padronizado,4x2,I_2_4_2_1.txt,4,2,BRKGA,fuzzy,101,164.0,260.0,173.33,0.84,5000,60.0
padronizado,4x2,I_2_4_2_1.txt,4,2,BRKGA,fuzzy,102,164.0,260.0,173.33,0.84,5000,60.0
padronizado,4x2,I_2_4_2_1.txt,4,2,BRKGA,fuzzy,103,164.0,236.0,173.33,0.85,5000,60.0
padronizado,4x2,I_2_4_2_1.txt,4,2,BRKGA,fuzzy,104,164.0,236.0,173.33,1.24,5000,60.0
padronizado,4x2,I_2_4_2_1.txt,4,2,Neuro-BOA,adaptativo,100,164.0,260.0,173.33,12.16,5000,60.0
padronizado,4x2,I_2_4_2_1.txt,4,2,Neuro-BOA,adaptativo,101,164.0,142.0,173.33,10.3,5000,60.0
padronizado,4x2,I_2_4_2_1.txt,4,2,Neuro-BOA,adaptativo,102,164.0,277.0,173.33,11.9,5000,60.0
padronizado,4x2,I_2_4_2_1.txt,4,2,Neuro-BOA,adaptativo,103,164.0,174.0,173.33,11.61,5000,60.0
padronizado,4x2,I_2_4_2_1.txt,4,2,Neuro-BOA,adaptativo,104,164.0,260.0,173.33,9.52,5000,60.0
padronizado,4x2,I_2_4_2_1.txt,4,2,PBIL-Fuzzy,default,100,164.0,174.0,173.33,0.34,4960,60.0
padronizado,4x2,I_2_4_2_1.txt,4,2,PBIL-Fuzzy,default,101,164.0,142.0,173.33,0.48,4960,60.0
padronizado,4x2,I_2_4_2_1.txt,4,2,PBIL-Fuzzy,default,102,164.0,277.0,173.33,0.56,4960,60.0
padronizado,4x2,I_2_4_2_1.txt,4,2,PBIL-Fuzzy,default,103,164.0,174.0,173.33,0.56,4960,60.0
padronizado,4x2,I_2_4_2_1.txt,4,2,PBIL-Fuzzy,default,104,164.0,174.0,173.33,0.53,4960,60.0
padronizado,16x2,I_2_16_2_1.txt,16,2,ACO,ACO_Optuna,100,1227.0,10749.0,42.34,7.27,5000,862.0
padronizado,16x2,I_2_16_2_1.txt,16,2,ACO,ACO_Optuna,101,1416.0,10870.0,64.27,7.97,5000,862.0
padronizado,16x2,I_2_16_2_1.txt,16,2,ACO,ACO_Optuna,102,1467.0,12872.0,70.19,6.68,5000,862.0
padronizado,16x2,I_2_16_2_1.txt,16,2,ACO,ACO_Optuna,103,1394.0,11116.0,61.72,7.96,5000,862.0
padronizado,16x2,I_2_16_2_1.txt,16,2,ACO,ACO_Optuna,104,1459.0,12207.0,69.26,6.99,5000,862.0
padronizado,16x2,I_2_16_2_1.txt,16,2,BRKGA,fixo_default,100,1008.0,7672.0,16.94,0.92,5000,862.0
padronizado,16x2,I_2_16_2_1.txt,16,2,BRKGA,fixo_default,101,1042.0,8728.0,20.88,1.49,5000,862.0
padronizado,16x2,I_2_16_2_1.txt,16,2,BRKGA,fixo_default,102,1047.0,8809.0,21.46,1.43,5000,862.0
padronizado,16x2,I_2_16_2_1.txt,16,2,BRKGA,fixo_default,103,1006.0,8142.0,16.71,0.94,5000,862.0
padronizado,16x2,I_2_16_2_1.txt,16,2,BRKGA,fixo_default,104,996.0,8406.0,15.55,1.43,5000,862.0
padronizado,16x2,I_2_16_2_1.txt,16,2,BRKGA,fuzzy,100,988.0,8092.0,14.62,2.21,5000,862.0
padronizado,16x2,I_2_16_2_1.txt,16,2,BRKGA,fuzzy,101,1008.0,7353.0,16.94,1.91,5000,862.0
padronizado,16x2,I_2_16_2_1.txt,16,2,BRKGA,fuzzy,102,1012.0,8495.0,17.4,1.82,5000,862.0
padronizado,16x2,I_2_16_2_1.txt,16,2,BRKGA,fuzzy,103,1009.0,9172.0,17.05,1.8,5000,862.0
padronizado,16x2,I_2_16_2_1.txt,16,2,BRKGA,fuzzy,104,996.0,7761.0,15.55,3.14,5000,862.0
padronizado,16x2,I_2_16_2_1.txt,16,2,Neuro-BOA,adaptativo,100,1186.0,11846.0,37.59,31.56,5000,862.0
padronizado,16x2,I_2_16_2_1.txt,16,2,Neuro-BOA,adaptativo,101,1150.0,10962.0,33.41,25.84,5000,862.0
padronizado,16x2,I_2_16_2_1.txt,16,2,Neuro-BOA,adaptativo,102,1081.0,9603.0,25.41,32.89,5000,862.0
padronizado,16x2,I_2_16_2_1.txt,16,2,Neuro-BOA,adaptativo,103,1218.0,11515.0,41.3,33.11,5000,862.0
padronizado,16x2,I_2_16_2_1.txt,16,2,Neuro-BOA,adaptativo,104,1099.0,9455.0,27.49,27.38,5000,862.0
padronizado,16x2,I_2_16_2_1.txt,16,2,PBIL-Fuzzy,default,100,1027.0,8458.0,19.14,0.5,4960,862.0
padronizado,16x2,I_2_16_2_1.txt,16,2,PBIL-Fuzzy,default,101,999.0,8588.0,15.89,0.47,4960,862.0
padronizado,16x2,I_2_16_2_1.txt,16,2,PBIL-Fuzzy,default,102,1025.0,8382.0,18.91,0.5,4960,862.0
padronizado,16x2,I_2_16_2_1.txt,16,2,PBIL-Fuzzy,default,103,1022.0,9166.0,18.56,0.45,4960,862.0
padronizado,16x2,I_2_16_2_1.txt,16,2,PBIL-Fuzzy,default,104,1012.0,8253.0,17.4,0.51,4960,862.0
padronizado,16x5,I_2_16_5_1.txt,16,5,ACO,ACO_Optuna,100,2586.0,31162.0,294.21,19.33,5000,656.0
padronizado,16x5,I_2_16_5_1.txt,16,5,ACO,ACO_Optuna,101,2827.0,35615.0,330.95,18.01,5000,656.0
padronizado,16x5,I_2_16_5_1.txt,16,5,ACO,ACO_Optuna,102,2948.0,36663.0,349.39,19.17,5000,656.0
padronizado,16x5,I_2_16_5_1.txt,16,5,ACO,ACO_Optuna,103,2723.0,31329.0,315.09,18.24,5000,656.0
padronizado,16x5,I_2_16_5_1.txt,16,5,ACO,ACO_Optuna,104,2637.0,32145.0,301.98,17.9,5000,656.0
padronizado,16x5,I_2_16_5_1.txt,16,5,BRKGA,fixo_default,100,1684.0,17654.0,156.71,1.92,5000,656.0
padronizado,16x5,I_2_16_5_1.txt,16,5,BRKGA,fixo_default,101,1515.0,15795.0,130.95,1.91,5000,656.0
padronizado,16x5,I_2_16_5_1.txt,16,5,BRKGA,fixo_default,102,1439.0,15799.0,119.36,1.06,5000,656.0
padronizado,16x5,I_2_16_5_1.txt,16,5,BRKGA,fixo_default,103,1627.0,18320.0,148.02,1.05,5000,656.0
padronizado,16x5,I_2_16_5_1.txt,16,5,BRKGA,fixo_default,104,1584.0,17565.0,141.46,1.06,5000,656.0
padronizado,16x5,I_2_16_5_1.txt,16,5,BRKGA,fuzzy,100,1560.0,16865.0,137.8,2.69,5000,656.0
padronizado,16x5,I_2_16_5_1.txt,16,5,BRKGA,fuzzy,101,1474.0,15646.0,124.7,2.29,5000,656.0
padronizado,16x5,I_2_16_5_1.txt,16,5,BRKGA,fuzzy,102,1366.0,14342.0,108.23,2.8,5000,656.0
padronizado,16x5,I_2_16_5_1.txt,16,5,BRKGA,fuzzy,103,1501.0,16146.0,128.81,3.24,5000,656.0
padronizado,16x5,I_2_16_5_1.txt,16,5,BRKGA,fuzzy,104,1508.0,15312.0,129.88,2.35,5000,656.0
padronizado,16x5,I_2_16_5_1.txt,16,5,Neuro-BOA,adaptativo,100,2283.0,28046.0,248.02,76.56,5000,656.0
padronizado,16x5,I_2_16_5_1.txt,16,5,Neuro-BOA,adaptativo,101,2187.0,26504.0,233.38,72.95,5000,656.0
padronizado,16x5,I_2_16_5_1.txt,16,5,Neuro-BOA,adaptativo,102,2247.0,27287.0,242.53,64.88,5000,656.0
padronizado,16x5,I_2_16_5_1.txt,16,5,Neuro-BOA,adaptativo,103,2292.0,28392.0,249.39,76.77,5000,656.0
padronizado,16x5,I_2_16_5_1.txt,16,5,Neuro-BOA,adaptativo,104,2239.0,27664.0,241.31,77.29,5000,656.0
padronizado,16x5,I_2_16_5_1.txt,16,5,PBIL-Fuzzy,default,100,1725.0,19285.0,162.96,0.92,4960,656.0
padronizado,16x5,I_2_16_5_1.txt,16,5,PBIL-Fuzzy,default,101,1848.0,21252.0,181.71,0.91,4960,656.0
padronizado,16x5,I_2_16_5_1.txt,16,5,PBIL-Fuzzy,default,102,1816.0,20754.0,176.83,0.92,4960,656.0
padronizado,16x5,I_2_16_5_1.txt,16,5,PBIL-Fuzzy,default,103,1919.0,22527.0,192.53,0.94,4960,656.0
padronizado,16x5,I_2_16_5_1.txt,16,5,PBIL-Fuzzy,default,104,1867.0,20683.0,184.6,0.94,4960,656.0
padronizado,16x4,I_4_16_5_1.txt,16,5,ACO,ACO_Optuna,100,3009.0,35432.0,293.33,19.09,5000,765.0
padronizado,16x4,I_4_16_5_1.txt,16,5,ACO,ACO_Optuna,101,3261.0,41196.0,326.27,17.94,5000,765.0
padronizado,16x4,I_4_16_5_1.txt,16,5,ACO,ACO_Optuna,102,3331.0,41886.0,335.42,18.62,5000,765.0
padronizado,16x4,I_4_16_5_1.txt,16,5,ACO,ACO_Optuna,103,2647.0,32390.0,246.01,18.34,5000,765.0
padronizado,16x4,I_4_16_5_1.txt,16,5,ACO,ACO_Optuna,104,2753.0,33293.0,259.87,17.87,5000,765.0
padronizado,16x4,I_4_16_5_1.txt,16,5,BRKGA,fixo_default,100,1631.0,17344.0,113.2,1.08,5000,765.0
padronizado,16x4,I_4_16_5_1.txt,16,5,BRKGA,fixo_default,101,1692.0,18051.0,121.18,1.5,5000,765.0
padronizado,16x4,I_4_16_5_1.txt,16,5,BRKGA,fixo_default,102,1605.0,16898.0,109.8,1.84,5000,765.0
padronizado,16x4,I_4_16_5_1.txt,16,5,BRKGA,fixo_default,103,1656.0,16489.0,116.47,1.14,5000,765.0
padronizado,16x4,I_4_16_5_1.txt,16,5,BRKGA,fixo_default,104,1681.0,18061.0,119.74,1.14,5000,765.0
padronizado,16x4,I_4_16_5_1.txt,16,5,BRKGA,fuzzy,100,1719.0,19065.0,124.71,2.62,5000,765.0
padronizado,16x4,I_4_16_5_1.txt,16,5,BRKGA,fuzzy,101,1864.0,19736.0,143.66,2.49,5000,765.0
padronizado,16x4,I_4_16_5_1.txt,16,5,BRKGA,fuzzy,102,1679.0,17732.0,119.48,2.56,5000,765.0
padronizado,16x4,I_4_16_5_1.txt,16,5,BRKGA,fuzzy,103,1483.0,15591.0,93.86,3.75,5000,765.0
padronizado,16x4,I_4_16_5_1.txt,16,5,BRKGA,fuzzy,104,1483.0,14169.0,93.86,2.37,5000,765.0
padronizado,16x4,I_4_16_5_1.txt,16,5,Neuro-BOA,adaptativo,100,2429.0,28857.0,217.52,76.36,5000,765.0
padronizado,16x4,I_4_16_5_1.txt,16,5,Neuro-BOA,adaptativo,101,2396.0,28980.0,213.2,68.23,5000,765.0
padronizado,16x4,I_4_16_5_1.txt,16,5,Neuro-BOA,adaptativo,102,2397.0,28928.0,213.33,63.02,5000,765.0
padronizado,16x4,I_4_16_5_1.txt,16,5,Neuro-BOA,adaptativo,103,2496.0,28661.0,226.27,73.98,5000,765.0
padronizado,16x4,I_4_16_5_1.txt,16,5,Neuro-BOA,adaptativo,104,2445.0,30074.0,219.61,77.6,5000,765.0
padronizado,16x4,I_4_16_5_1.txt,16,5,PBIL-Fuzzy,default,100,1862.0,19687.0,143.4,0.93,4960,765.0
padronizado,16x4,I_4_16_5_1.txt,16,5,PBIL-Fuzzy,default,101,1798.0,19630.0,135.03,1.08,4960,765.0
padronizado,16x4,I_4_16_5_1.txt,16,5,PBIL-Fuzzy,default,102,2065.0,22315.0,169.93,1.62,4960,765.0
padronizado,16x4,I_4_16_5_1.txt,16,5,PBIL-Fuzzy,default,103,1836.0,19679.0,140.0,1.47,4960,765.0
padronizado,16x4,I_4_16_5_1.txt,16,5,PBIL-Fuzzy,default,104,2145.0,25206.0,180.39,0.91,4960,765.0
